metric_name,value,unit,year,category,source
Employee training and development,,,2024,Social,Cargill Impact Report - 2024.pdf - page 2
Health and safety,,,2024,Social,Cargill Impact Report - 2024.pdf - page 2
"Diversity, equity, and inclusion",,,2024,Social,Cargill Impact Report - 2024.pdf - page 2
Human rights,,,2024,Social,Cargill Impact Report - 2024.pdf - page 2
Farmer livelihoods,,,2024,Social,Cargill Impact Report - 2024.pdf - page 2
Reducing emissions,,,2024,Environmental,Cargill Impact Report - 2024.pdf - page 2
Scaling regenerative agriculture,,,2024,Environmental,Cargill Impact Report - 2024.pdf - page 2
Water,,,2024,Environmental,Cargill Impact Report - 2024.pdf - page 2
Responsible sourcing,,,2024,Social,Cargill Impact Report - 2024.pdf - page 2
ESG governance,,,2024,Governance,Cargill Impact Report - 2024.pdf - page 2
Ethics and Compliance,,,2024,Governance,Cargill Impact Report - 2024.pdf - page 2
Sustainable Supply Chains,,,2024,Social,Cargill Impact Report - 2024.pdf - page 2
Greenhouse gas emissions decrease,15.8,%,2024,Environmental,Cargill Impact Report - 2024.pdf - page 3
Farmer trainings delivered,700000,trainings,2024,Social,Cargill Impact Report - 2024.pdf - page 3
Regenerative agriculture adoption,1.1,million acres,2024,Environmental,Cargill Impact Report - 2024.pdf - page 3
Investment in partners and local communities,130,million USD,2024,Social,Cargill Impact Report - 2024.pdf - page 3
Years of experience,159,years,2024,Social,Cargill Impact Report - 2024.pdf - page 4
Employees,160000,employees,2024,Social,Cargill Impact Report - 2024.pdf - page 5
Countries where we operate,70,countries,2024,Social,Cargill Impact Report - 2024.pdf - page 5
Years of experience,159,years,2024,Social,Cargill Impact Report - 2024.pdf - page 5
Annual Revenue,160,billion USD,2024,Environmental,Cargill Impact Report - 2024.pdf - page 5
invested in efficiency and sustainability capital projects,100,million,2024,Environmental,Cargill Impact Report - 2024.pdf - page 6
liters of water restored in water-stressed regions,38,billion,2024,Environmental,Cargill Impact Report - 2024.pdf - page 6
of leadership roles are filled by women,35.7,%,2024,Social,Cargill Impact Report - 2024.pdf - page 6
invested in local communities,130,million,2024,Social,Cargill Impact Report - 2024.pdf - page 6
reduction in Scope 1 and 2 emissions from 2017 baseline,15.8,%,2024,Environmental,Cargill Impact Report - 2024.pdf - page 6
acres transitioned to regenerative agriculture practices across North America since 2020,1.1,million,2024,Environmental,Cargill Impact Report - 2024.pdf - page 6
farmer trainings delivered,7.2,million,2024,Social,Cargill Impact Report - 2024.pdf - page 6
meals provided globally through our corporate giving efforts,34,million,2024,Social,Cargill Impact Report - 2024.pdf - page 6
Partnership Investment,4.6,million USD,2023,Social,Cargill Impact Report - 2024.pdf - page 7
People Reached,26.9,million,2018,Social,Cargill Impact Report - 2024.pdf - page 7
People Targeted,100,million,2030,Social,Cargill Impact Report - 2024.pdf - page 7
Awards and recognition,1,count,2024,Social,Cargill Impact Report - 2024.pdf - page 8
Risk Management,Increasing,,2024,Governance,Cargill Impact Report - 2024.pdf - page 9
Long-term Value Creation,Supporting,,2024,Governance,Cargill Impact Report - 2024.pdf - page 9
Climate,,,2024,Environmental,Cargill Impact Report - 2024.pdf - page 9
Land,,,2024,Environmental,Cargill Impact Report - 2024.pdf - page 9
Water,,,2024,Environmental,Cargill Impact Report - 2024.pdf - page 9
People,,,2024,Social,Cargill Impact Report - 2024.pdf - page 9
Greenhouse gas emissions reduction,reduce,N/A,2024,Environmental,Cargill Impact Report - 2024.pdf - page 10
ESG governance,CEO,,2024,Governance,Cargill Impact Report - 2024.pdf - page 11
ESG strategy,CSO,,2024,Governance,Cargill Impact Report - 2024.pdf - page 11
ESG Committee,Executive-level,,2024,Governance,Cargill Impact Report - 2024.pdf - page 11
ESG targets,Board of Directors,,2024,Governance,Cargill Impact Report - 2024.pdf - page 11
Materiality Assessment,Climate,,2022,Environmental,Cargill Impact Report - 2024.pdf - page 11
Materiality Assessment,Land and Water,,2022,Environmental,Cargill Impact Report - 2024.pdf - page 11
Materiality Assessment,People,,2022,Social,Cargill Impact Report - 2024.pdf - page 11
Double Materiality Assessment,CSRD-compliant ESG report,,2026,Governance,Cargill Impact Report - 2024.pdf - page 11
Reduce absolute operational greenhouse gas (GHG) emissions by,10,%,2025,Environmental,Cargill Impact Report - 2024.pdf - page 12
CO e reduction from 2017 baseline,"670,000",metric tons,2023,Environmental,Cargill Impact Report - 2024.pdf - page 12
Reduce global GHG emissions from our global supply chain sustainability programs,30,%,2030,Environmental,Cargill Impact Report - 2024.pdf - page 12
Eliminate deforestation across our agricultural supply chain by,2030,,2030,Environmental,Cargill Impact Report - 2024.pdf - page 12
Average implementation of water stewardship,85,%,,Environmental,Cargill Impact Report - 2024.pdf - page 12
Implement water stewardship practices at all 68 priority facilities,100,%,2025,Environmental,Cargill Impact Report - 2024.pdf - page 12
Progress toward enabling a water positive impact,14.8,%,,Environmental,Cargill Impact Report - 2024.pdf - page 12
Enable a water positive impact in all priority regions by,100,%,2030,Environmental,Cargill Impact Report - 2024.pdf - page 12
Farmer trainings delivered since 2017,7.2,million,,Social,Cargill Impact Report - 2024.pdf - page 12
Provide farmer trainings in sustainable agricultural practices by,10,million,2030,Social,Cargill Impact Report - 2024.pdf - page 12
People reached since 2018,26.9,million,,Social,Cargill Impact Report - 2024.pdf - page 12
Improve nutrition and economic livelihoods by reaching,100,million,2030,Social,Cargill Impact Report - 2024.pdf - page 12
Women in leadership roles,35.7,%,,Social,Cargill Impact Report - 2024.pdf - page 12
Achieve gender parity in leadership by,50,%,2030,Social,Cargill Impact Report - 2024.pdf - page 12
Invested across 70 countries this year,130,million,2024,Social,Cargill Impact Report - 2024.pdf - page 12
Investment in efficiency and sustainability capital projects,100,million,2024,Environmental,Cargill Impact Report - 2024.pdf - page 13
Increase in contracted renewable energy capacity,42,%,2024,Environmental,Cargill Impact Report - 2024.pdf - page 13
Reduction in Scope 1 and 2 emissions,15.8,%,2024,Environmental,Cargill Impact Report - 2024.pdf - page 13
Reduce our absolute operational emissions,10,%,2025,Environmental,Cargill Impact Report - 2024.pdf - page 14
Reduce emissions from our global supply chain,30,%,2030,Environmental,Cargill Impact Report - 2024.pdf - page 14
Scope 1 and 2 emissions reduction,15.8,%,2023,Environmental,Cargill Impact Report - 2024.pdf - page 15
GHG emissions avoided,442000,metric tons CO2e,2023,Environmental,Cargill Impact Report - 2024.pdf - page 15
Renewable electricity capacity,716,megawatts,2023,Environmental,Cargill Impact Report - 2024.pdf - page 15
Emission reductions from renewable electricity mix,908000,metric tons CO2e,2023,Environmental,Cargill Impact Report - 2024.pdf - page 15
GHG reduction potential,105000,metric tons CO2e,2023,Environmental,Cargill Impact Report - 2024.pdf - page 15
Goal: Reduce absolute operational GHG emissions,10,%,2025,Environmental,Cargill Impact Report - 2024.pdf - page 15
Scope 1 and 2 emissions reduction progress,10.97,%,2022,Environmental,Cargill Impact Report - 2024.pdf - page 15
Scope 1 and 2 emissions reduction progress,15.84,%,2023,Environmental,Cargill Impact Report - 2024.pdf - page 15
Scope 3 emissions reduction goal,N/A,N/A,N/A,Environmental,Cargill Impact Report - 2024.pdf - page 16
carbon emissions,N/A,N/A,2024,Environmental,Cargill Impact Report - 2024.pdf - page 16
GHG rating,most efficient,rating,2023,Environmental,Cargill Impact Report - 2024.pdf - page 17
Decarbonization initiatives,N/A,N/A,2024,Environmental,Cargill Impact Report - 2024.pdf - page 18
Climate-smart agriculture practices advocacy,N/A,N/A,2024,Environmental,Cargill Impact Report - 2024.pdf - page 18
Pollutant reductions enabled in water-stressed regions,297,million metric tons,2024,Environmental,Cargill Impact Report - 2024.pdf - page 19
Acres transitioned to regenerative agriculture practices,1199,acres,2024,Environmental,Cargill Impact Report - 2024.pdf - page 19
People reached with improved access to safe drinking water and sanitation,160000,people,2024,Social,Cargill Impact Report - 2024.pdf - page 19
Acres of land restored globally,435000,acres,2024,Environmental,Cargill Impact Report - 2024.pdf - page 19
Deforestation elimination commitment,2025,,2023,Environmental,Cargill Impact Report - 2024.pdf - page 20
Land restoration,"100,000",hectares,2024,Environmental,Cargill Impact Report - 2024.pdf - page 20
Deforestation monitoring,N/A,N/A,2024,Environmental,Cargill Impact Report - 2024.pdf - page 21
Water risk assessment,N/A,N/A,2024,Environmental,Cargill Impact Report - 2024.pdf - page 21
deforestation-free goal,2030,,,Environmental,Cargill Impact Report - 2024.pdf - page 22
habitat for jaguars in soy-adjacent areas,3,million hectares,,Environmental,Cargill Impact Report - 2024.pdf - page 22
Regenerative agriculture practices,"299,000+",acres,2024,Environmental,Cargill Impact Report - 2024.pdf - page 23
Regenerative agriculture practices,"163,000+",acres,2024,Environmental,Cargill Impact Report - 2024.pdf - page 23
Conservation easement,1.7 million+,acres,2024,Environmental,Cargill Impact Report - 2024.pdf - page 23
Fencing removed or improved,420+,miles,2024,Environmental,Cargill Impact Report - 2024.pdf - page 23
Regenerating acres,1100000,acres,2024,Environmental,Cargill Impact Report - 2024.pdf - page 24
Regenerating acres,880000,acres,2023,Environmental,Cargill Impact Report - 2024.pdf - page 24
Advance regenerative agriculture practices,10000000,acres,2030,Environmental,Cargill Impact Report - 2024.pdf - page 24
Soil carbon sequestration,increases,unit,2024,Environmental,Cargill Impact Report - 2024.pdf - page 25
Biodiversity,enhances,unit,2024,Environmental,Cargill Impact Report - 2024.pdf - page 25
Soil health,improves,unit,2024,Environmental,Cargill Impact Report - 2024.pdf - page 25
Water quality,improves,unit,2024,Environmental,Cargill Impact Report - 2024.pdf - page 25
GHG emissions,reduces,unit,2024,Environmental,Cargill Impact Report - 2024.pdf - page 25
Fertilizer costs,reduces,unit,2024,Environmental,Cargill Impact Report - 2024.pdf - page 25
Yields,maximizes,unit,2024,Environmental,Cargill Impact Report - 2024.pdf - page 25
Fuel and labor costs,reduces,unit,2024,Environmental,Cargill Impact Report - 2024.pdf - page 25
Farmers supported in regenerative agriculture practices,1000,farmers,2024,Social,Cargill Impact Report - 2024.pdf - page 26
Farmers compensated for sustainable practices,,farmers,2024,Social,Cargill Impact Report - 2024.pdf - page 26
Soil health enhancement through regenerative agriculture,,practices,2024,Environmental,Cargill Impact Report - 2024.pdf - page 26
Decarbonization of agricultural supply chain,,practices,2024,Environmental,Cargill Impact Report - 2024.pdf - page 26
Water conservation through regenerative agriculture,,practices,2024,Environmental,Cargill Impact Report - 2024.pdf - page 26
Land in regenerative landscapes,160,million hectares,2024,Environmental,Cargill Impact Report - 2024.pdf - page 27
Farmers engaged,3.6,million,2024,Social,Cargill Impact Report - 2024.pdf - page 27
Investment in regenerative practices,2,billion USD,2024,Environmental,Cargill Impact Report - 2024.pdf - page 27
Additional committed investment,2.2,billion USD,2024,Environmental,Cargill Impact Report - 2024.pdf - page 27
Water stewardship practices implementation,85,%,2024,Environmental,Cargill Impact Report - 2024.pdf - page 28
Water stewardship practices implementation,68,facilities,2024,Environmental,Cargill Impact Report - 2024.pdf - page 28
Water restoration,297,metric tons,2024,Environmental,Cargill Impact Report - 2024.pdf - page 28
Water reduction,600,billion liters,2024,Environmental,Cargill Impact Report - 2024.pdf - page 28
Nitrogen equivalent reduction,5000,metric tons,2024,Environmental,Cargill Impact Report - 2024.pdf - page 28
Water access in communities,500000,people,2024,Social,Cargill Impact Report - 2024.pdf - page 28
Water access in communities,160000,people,2024,Social,Cargill Impact Report - 2024.pdf - page 28
Reduced water use,100000000,liters,2024,Environmental,Cargill Impact Report - 2024.pdf - page 28
Water stewardship progress,Highest percentage of available points,percentage,2023,Environmental,Cargill Impact Report - 2024.pdf - page 29
Water conserved,3300000000,liters,2024,Environmental,Cargill Impact Report - 2024.pdf - page 30
Acres of cropland with irrigation conservation practices,34000,acres,2024,Environmental,Cargill Impact Report - 2024.pdf - page 30
Farmers engaged,69,farmers,2024,Social,Cargill Impact Report - 2024.pdf - page 30
Irrigation timers installed,381,timers,2024,Environmental,Cargill Impact Report - 2024.pdf - page 30
Funding committed,2100000,USD,2024,Social,Cargill Impact Report - 2024.pdf - page 30
Individuals impacted,300000,individuals,2024,Social,Cargill Impact Report - 2024.pdf - page 30
People impacted by Hatching Hope,26900000,people,2024,Social,Cargill Impact Report - 2024.pdf - page 31
Farmer trainings delivered,7200000,trainings,2024,Social,Cargill Impact Report - 2024.pdf - page 31
Reportable Injury Frequency Rate (RIFR),1.35,,2024,Social,Cargill Impact Report - 2024.pdf - page 32
Food Safety Awards,2,recognitions,2023,Social,Cargill Impact Report - 2024.pdf - page 33
Mental health programs,Yes,boolean,2024,Social,Cargill Impact Report - 2024.pdf - page 34
Employee benefits,Yes,boolean,2024,Social,Cargill Impact Report - 2024.pdf - page 34
Menopause benefit,Yes,boolean,2024,Social,Cargill Impact Report - 2024.pdf - page 34
Student loan debt program,Yes,boolean,2023,Social,Cargill Impact Report - 2024.pdf - page 34
Family-building support,Yes,boolean,2024,Social,Cargill Impact Report - 2024.pdf - page 34
Employee engagement,88,%,2023,Social,Cargill Impact Report - 2024.pdf - page 35
Agreement on inclusive workplace,81,%,2023,Social,Cargill Impact Report - 2024.pdf - page 35
Scholarships Awarded,760,scholarships,2023,Social,Cargill Impact Report - 2024.pdf - page 36
Scholarship Funding,3,million USD,2023,Social,Cargill Impact Report - 2024.pdf - page 36
THRIVE Scholars Graduated,23,scholars,2024,Social,Cargill Impact Report - 2024.pdf - page 36
Placement Rate,83,%,2024,Social,Cargill Impact Report - 2024.pdf - page 36
Minority Hires in University Intern and Associate Roles,33,%,2024,Social,Cargill Impact Report - 2024.pdf - page 36
Scholarships to be distributed,570,scholarships,2027,Social,Cargill Impact Report - 2024.pdf - page 36
BRIDGE Program Participants,550,women,2023,Social,Cargill Impact Report - 2024.pdf - page 36
BRG Engagement,thousands,employees,2024,Social,Cargill Impact Report - 2024.pdf - page 36
BRG Chapters,85,chapters,2024,Social,Cargill Impact Report - 2024.pdf - page 36
Supplier Diversity Training Participants,38,farmers,2024,Social,Cargill Impact Report - 2024.pdf - page 37
Gender-inclusive Uniforms Transitioned,91.4,%,2023,Social,Cargill Impact Report - 2024.pdf - page 37
New Leadership Programs Launched,5,programs,2024,Social,Cargill Impact Report - 2024.pdf - page 37
Learning Resources Available,100,%,2024,Social,Cargill Impact Report - 2024.pdf - page 37
Plant leaders trained,2800,leaders,2024,Social,Cargill Impact Report - 2024.pdf - page 38
Facilitators across businesses,120,facilitators,,Social,Cargill Impact Report - 2024.pdf - page 38
Participant recommendation rate,98,%,,Social,Cargill Impact Report - 2024.pdf - page 38
Plant employees,40000,employees,2024,Social,Cargill Impact Report - 2024.pdf - page 38
Human rights,Complies,,,Social,Cargill Impact Report - 2024.pdf - page 39
Land rights,Complies,,,Social,Cargill Impact Report - 2024.pdf - page 39
Fair wages and working hours,Guidance,,,Social,Cargill Impact Report - 2024.pdf - page 39
Health and safety,Prioritize,,,Social,Cargill Impact Report - 2024.pdf - page 39
Equity and women’s empowerment,Prioritize,,,Social,Cargill Impact Report - 2024.pdf - page 39
Farmer trainings delivered,7.2,million,2024,Social,Cargill Impact Report - 2024.pdf - page 40
Goal: Farmer trainings by 2030,10,million,2030,Social,Cargill Impact Report - 2024.pdf - page 40
People reached,26900000,people,2024,Social,Cargill Impact Report - 2024.pdf - page 41
Beneficiaries,100000,people,2024,Social,Cargill Impact Report - 2024.pdf - page 41
Farmers trained,89000,+,2024,Social,Cargill Impact Report - 2024.pdf - page 42
Farmers who received training and adopted new practices,84,%,2024,Social,Cargill Impact Report - 2024.pdf - page 42
Ethics and Compliance,Compliant,,2024,Governance,Cargill Impact Report - 2024.pdf - page 43
Supplier Code of Conduct,in place since 2018,,2018,Social,Cargill Impact Report - 2024.pdf - page 44
Ethics Open Line availability,"24 hours a day, seven days a week",,,Governance,Cargill Impact Report - 2024.pdf - page 44
Aqua nutrition,53,,2024,Environmental,Cargill Impact Report - 2024.pdf - page 45
Cocoa,67,,2024,Environmental,Cargill Impact Report - 2024.pdf - page 45
Palm oil,84,,2024,Environmental,Cargill Impact Report - 2024.pdf - page 45
Soy,99,,2024,Environmental,Cargill Impact Report - 2024.pdf - page 45
Aqua nutrition,,,2023,Environmental,Cargill Impact Report - 2024.pdf - page 46
employees,2000,+,,Social,Cargill Impact Report - 2024.pdf - page 47
metric tons of feed sold,1.85,million,2023,Environmental,Cargill Impact Report - 2024.pdf - page 47
Environmental impact reduction,reduction,unit,2024,Environmental,Cargill Impact Report - 2024.pdf - page 48
Carbon emissions reduction,,,,Environmental,Cargill Impact Report - 2024.pdf - page 49
Share of certified or improving marine ingredients,slightly,percentage,2023,Environmental,Cargill Impact Report - 2024.pdf - page 50
Share of co-product ingredients in coldwater feed,49.7,%,2023,Environmental,Cargill Impact Report - 2024.pdf - page 50
Share of co-product ingredients in warmwater feed,68.2,%,2023,Environmental,Cargill Impact Report - 2024.pdf - page 50
Share of co-product ingredients in warmwater feed,64.5,%,2021,Environmental,Cargill Impact Report - 2024.pdf - page 50
Reduction in fishmeal and fish oil inclusion in coldwater feed,1.5,percentage points,Year-over-year,Environmental,Cargill Impact Report - 2024.pdf - page 50
Share of trimmings in marine ingredients,34.5,%,2023,Environmental,Cargill Impact Report - 2024.pdf - page 50
CO2 saved,16000,metric tons,,Environmental,Cargill Impact Report - 2024.pdf - page 50
Reduction in annual plastics usage in Vietnam,700,metric tons,,Environmental,Cargill Impact Report - 2024.pdf - page 50
Human rights assessments,1,assessment,2023,Social,Cargill Impact Report - 2024.pdf - page 51
Support for small-scale tilapia producers,1,project,2023,Social,Cargill Impact Report - 2024.pdf - page 51
Energy Use in coldwater feed production,134000,gigajoules,2023,Environmental,Cargill Impact Report - 2024.pdf - page 52
Decline in energy use per metric ton,8.6,%,2017,Environmental,Cargill Impact Report - 2024.pdf - page 52
Marine ingredients from trimmings,34.5,%,2023,Environmental,Cargill Impact Report - 2024.pdf - page 53
Marine ingredients from coldwater feeds from certified or FIP sources,89.5,%,2023,Environmental,Cargill Impact Report - 2024.pdf - page 53
Marine ingredients from warmwater feeds from certified or FIP sources,62.2,%,2023,Environmental,Cargill Impact Report - 2024.pdf - page 53
Reducing the footprint of farmed seafood,30,%,2030,Environmental,Cargill Impact Report - 2024.pdf - page 54
GHG emissions,0.5,kg CO e per kg fish,,Environmental,Cargill Impact Report - 2024.pdf - page 54
GHG emissions,1,kg CO e per kg fish,,Environmental,Cargill Impact Report - 2024.pdf - page 54
GHG emissions,1.5,kg CO e per kg fish,,Environmental,Cargill Impact Report - 2024.pdf - page 54
GHG emissions,2,kg CO e per kg fish,,Environmental,Cargill Impact Report - 2024.pdf - page 54
GHG emissions,2.5,kg CO e per kg fish,,Environmental,Cargill Impact Report - 2024.pdf - page 54
GHG emissions,3,kg CO e per kg fish,,Environmental,Cargill Impact Report - 2024.pdf - page 54
GHG emissions,3.5,kg CO e per kg fish,,Environmental,Cargill Impact Report - 2024.pdf - page 54
GHG emissions,4,kg CO e per kg fish,,Environmental,Cargill Impact Report - 2024.pdf - page 54
Feed footprint reduction,15,%,2026,Environmental,Cargill Impact Report - 2024.pdf - page 54
carbon footprint reduction,3.5,%,2023,Environmental,Cargill Impact Report - 2024.pdf - page 55
CO e reductions,12000,metric tons,2023,Environmental,Cargill Impact Report - 2024.pdf - page 55
CO e savings,45000,metric tons,2024,Environmental,Cargill Impact Report - 2024.pdf - page 55
Fishery Improvement Projects Supported,1,projects,2024,Environmental,Cargill Impact Report - 2024.pdf - page 56
Fishery Improvement Projects Completed,1,projects,2023,Environmental,Cargill Impact Report - 2024.pdf - page 56
Fishery Improvement Projects Deadline,2025,year,2024,Environmental,Cargill Impact Report - 2024.pdf - page 56
Funding for fisheries improvement,100,million USD,2030,Environmental,Cargill Impact Report - 2024.pdf - page 57
Bycatch reduction,,,2029,Environmental,Cargill Impact Report - 2024.pdf - page 57
IUU fishing reduction,,,2029,Environmental,Cargill Impact Report - 2024.pdf - page 57
Modern slavery initiatives,1,project,2024,Social,Cargill Impact Report - 2024.pdf - page 58
IUU fishing initiatives,1,project,2024,Environmental,Cargill Impact Report - 2024.pdf - page 58
Human rights impact assessment,1,report,2023,Social,Cargill Impact Report - 2024.pdf - page 59
Funding for the publication of SFP’s Reduction Fisheries Report,1,report,2013,Environmental,Cargill Impact Report - 2024.pdf - page 59
Crop Year,2023/2024,,2024,Environmental,Cargill Impact Report - 2024.pdf - page 60
Employees,4300,employees,2024,Social,Cargill Impact Report - 2024.pdf - page 61
Years in Industry,45,years,2024,Social,Cargill Impact Report - 2024.pdf - page 61
Number of farmer organizations in Cargill Cocoa Promise,147,organizations,2024,Social,Cargill Impact Report - 2024.pdf - page 62
Number of farmer organizations in Cargill Cocoa Promise,14,organizations,2024,Social,Cargill Impact Report - 2024.pdf - page 62
Number of farmer organizations in Cargill Cocoa Promise,13,organizations,2024,Social,Cargill Impact Report - 2024.pdf - page 62
Number of farmer organizations in Cargill Cocoa Promise,178,organizations,2024,Social,Cargill Impact Report - 2024.pdf - page 62
Number of farmers certified through CCP activities,143054,farmers,2024,Social,Cargill Impact Report - 2024.pdf - page 62
Number of farmers certified through CCP activities,32556,farmers,2024,Social,Cargill Impact Report - 2024.pdf - page 62
Number of farmers certified through CCP activities,34053,farmers,2024,Social,Cargill Impact Report - 2024.pdf - page 62
Number of farmers certified through CCP activities,211434,farmers,2024,Social,Cargill Impact Report - 2024.pdf - page 62
Number of farmers coached on Good Agricultural Practices (GAPs),78426,farmers,2024,Social,Cargill Impact Report - 2024.pdf - page 62
Number of farmers coached on Good Agricultural Practices (GAPs),7960,farmers,2024,Social,Cargill Impact Report - 2024.pdf - page 62
Number of farmers coached on Good Agricultural Practices (GAPs),1676,farmers,2024,Social,Cargill Impact Report - 2024.pdf - page 62
Number of farmers coached on Good Agricultural Practices (GAPs),89433,farmers,2024,Social,Cargill Impact Report - 2024.pdf - page 62
Percentage of farmers coached on Good Agricultural Practices (GAPs),55,%,2024,Social,Cargill Impact Report - 2024.pdf - page 62
Percentage of farmers coached on Good Agricultural Practices (GAPs),24,%,2024,Social,Cargill Impact Report - 2024.pdf - page 62
Percentage of farmers coached on Good Agricultural Practices (GAPs),5,%,2024,Social,Cargill Impact Report - 2024.pdf - page 62
Percentage of farmers coached on Good Agricultural Practices (GAPs),42,%,2024,Social,Cargill Impact Report - 2024.pdf - page 62
Number of farmers GAP compliant,5734,farmers,2024,Social,Cargill Impact Report - 2024.pdf - page 62
Number of farmers GAP compliant,5182,farmers,2024,Social,Cargill Impact Report - 2024.pdf - page 62
Number of farmers GAP compliant,801,farmers,2024,Social,Cargill Impact Report - 2024.pdf - page 62
Number of farmers GAP compliant,11717,farmers,2024,Social,Cargill Impact Report - 2024.pdf - page 62
Percentage of farmers GAP compliant,52,%,2024,Social,Cargill Impact Report - 2024.pdf - page 62
Percentage of farmers GAP compliant,65,%,2024,Social,Cargill Impact Report - 2024.pdf - page 62
Percentage of farmers GAP compliant,48,%,2024,Social,Cargill Impact Report - 2024.pdf - page 62
Percentage of farmers GAP compliant,57,%,2024,Social,Cargill Impact Report - 2024.pdf - page 62
Percentage of farmers using insecticide,60,%,2024,Social,Cargill Impact Report - 2024.pdf - page 62
Percentage of farmers using insecticide,73,%,2024,Social,Cargill Impact Report - 2024.pdf - page 62
Percentage of farmers using insecticide,88,%,2024,Social,Cargill Impact Report - 2024.pdf - page 62
Percentage of farmers using insecticide,67,%,2024,Social,Cargill Impact Report - 2024.pdf - page 62
Percentage of farmers using fungicide,12,%,2024,Social,Cargill Impact Report - 2024.pdf - page 62
Percentage of farmers using fungicide,36,%,2024,Social,Cargill Impact Report - 2024.pdf - page 62
Percentage of farmers using fungicide,92,%,2024,Social,Cargill Impact Report - 2024.pdf - page 62
Percentage of farmers using fungicide,28,%,2024,Social,Cargill Impact Report - 2024.pdf - page 62
Number of farmer organizations covered by a Child Labor Monitoring and Remediation Systems (CLMRS) or comparable due diligence system to prevent and address child labor,147,organizations,2024,Social,Cargill Impact Report - 2024.pdf - page 62
Number of farmer organizations covered by a Child Labor Monitoring and Remediation Systems (CLMRS) or comparable due diligence system to prevent and address child labor,14,organizations,2024,Social,Cargill Impact Report - 2024.pdf - page 62
Number of farmer organizations covered by a Child Labor Monitoring and Remediation Systems (CLMRS) or comparable due diligence system to prevent and address child labor,13,organizations,2024,Social,Cargill Impact Report - 2024.pdf - page 62
Number of farmer organizations covered by a Child Labor Monitoring and Remediation Systems (CLMRS) or comparable due diligence system to prevent and address child labor,178,organizations,2024,Social,Cargill Impact Report - 2024.pdf - page 62
Number of farmers monitored through CLMRS,81799,households,2024,Social,Cargill Impact Report - 2024.pdf - page 62
Number of farmers monitored through CLMRS,10447,households,2024,Social,Cargill Impact Report - 2024.pdf - page 62
Number of farmers monitored through CLMRS,7229,households,2024,Social,Cargill Impact Report - 2024.pdf - page 62
Number of farmers monitored through CLMRS,101130,households,2024,Social,Cargill Impact Report - 2024.pdf - page 62
Percentage of farmers monitored through CLMRS,87,%,2024,Social,Cargill Impact Report - 2024.pdf - page 62
Percentage of farmers monitored through CLMRS,32,%,2024,Social,Cargill Impact Report - 2024.pdf - page 62
Percentage of farmers monitored through CLMRS,21,%,2024,Social,Cargill Impact Report - 2024.pdf - page 62
Percentage of farmers monitored through CLMRS,62,%,2024,Social,Cargill Impact Report - 2024.pdf - page 62
Farms polygon mapped,257856,count,2024,Environmental,Cargill Impact Report - 2024.pdf - page 63
Farms polygon mapped,92.2,%,2024,Environmental,Cargill Impact Report - 2024.pdf - page 63
Certified farmers mapped,183027,count,2024,Social,Cargill Impact Report - 2024.pdf - page 63
Certified farmers mapped,91.9,%,2024,Social,Cargill Impact Report - 2024.pdf - page 63
Primary forest loss,2270,hectares,2024,Environmental,Cargill Impact Report - 2024.pdf - page 63
Farms with primary forest loss,0.8,%,2024,Environmental,Cargill Impact Report - 2024.pdf - page 63
Farmers applying agroforestry,17210,count,2023,Environmental,Cargill Impact Report - 2024.pdf - page 63
Cocoa agroforestry,29518,hectares,2023,Environmental,Cargill Impact Report - 2024.pdf - page 63
Multi-purpose trees distributed,1375087,count,2023,Environmental,Cargill Impact Report - 2024.pdf - page 63
Farmers delivering volume through First Mile Traceability,133352,count,2024,Social,Cargill Impact Report - 2024.pdf - page 63
Farmers delivering volume through First Mile Traceability,68,%,2024,Social,Cargill Impact Report - 2024.pdf - page 63
Sustainable volume managed through digital First Mile Traceability,117898,count,2024,Environmental,Cargill Impact Report - 2024.pdf - page 63
Sustainable volume managed through digital First Mile Traceability,76.6,%,2024,Environmental,Cargill Impact Report - 2024.pdf - page 63
Sustainable cocoa volume sold,54,%,2024,Environmental,Cargill Impact Report - 2024.pdf - page 63
Farmers benefiting from pruning groups,285,farmers,2024,Social,Cargill Impact Report - 2024.pdf - page 64
Farmers receiving 1-1 coaching,100,%,2024,Social,Cargill Impact Report - 2024.pdf - page 64
Cocoa farming households enabled to close or significantly reduce living income gap,25000,households,2025,Social,Cargill Impact Report - 2024.pdf - page 65
Total household income,2520,USD/year,,Social,Cargill Impact Report - 2024.pdf - page 65
Total household income,5180,USD/year,,Social,Cargill Impact Report - 2024.pdf - page 65
Total household income,3550,USD/year,,Social,Cargill Impact Report - 2024.pdf - page 65
Yield,663,Yield/ha,,Environmental,Cargill Impact Report - 2024.pdf - page 65
Yield,748,Yield/ha,,Environmental,Cargill Impact Report - 2024.pdf - page 65
Yield,703,Yield/ha,,Environmental,Cargill Impact Report - 2024.pdf - page 65
Cocoa farm size,2.54,ha,,Environmental,Cargill Impact Report - 2024.pdf - page 65
Cocoa farm size,4.14,ha,,Environmental,Cargill Impact Report - 2024.pdf - page 65
Cocoa farm size,3.27,ha,,Environmental,Cargill Impact Report - 2024.pdf - page 65
Women's groups received grants,23,groups,2024,Social,Cargill Impact Report - 2024.pdf - page 66
Grant value,17000,USD,2024,Social,Cargill Impact Report - 2024.pdf - page 66
Cocoa production increase,32,%,2023,Environmental,Cargill Impact Report - 2024.pdf - page 66
Net income increase,38,%,2023,Social,Cargill Impact Report - 2024.pdf - page 66
People displaced,600000,people,2024,Social,Cargill Impact Report - 2024.pdf - page 66
People supported with cash-based transfers,6000,people,2024,Social,Cargill Impact Report - 2024.pdf - page 66
Families supported with cash-based transfers,1000,families,2024,Social,Cargill Impact Report - 2024.pdf - page 66
Village Savings and Loan group members,41500,members,2024,Social,Cargill Impact Report - 2024.pdf - page 66
People receiving free health care,5500,people,2024,Social,Cargill Impact Report - 2024.pdf - page 66
teachers trained in evidence-based teaching practices,7000,teachers,2024,Social,Cargill Impact Report - 2024.pdf - page 67
birth certificates secured for children in cocoa-growing families,1900,birth certificates,2024,Social,Cargill Impact Report - 2024.pdf - page 67
farmers monitored through CLMRS,101100,farmers,2024,Social,Cargill Impact Report - 2024.pdf - page 67
schools and classrooms built or renovated,65,schools and classrooms,2024,Social,Cargill Impact Report - 2024.pdf - page 67
Assurance engagement,limited,,2024,Governance,Cargill Impact Report - 2024.pdf - page 68
Review of sustainability indicators,,,2024,Governance,Cargill Impact Report - 2024.pdf - page 69
Report Year,2023,calendar year,2023,Environmental,Cargill Impact Report - 2024.pdf - page 70
Smallholders supported,26400,count,2024,Social,Cargill Impact Report - 2024.pdf - page 71
Hectares of land,51500,hectares,2024,Environmental,Cargill Impact Report - 2024.pdf - page 71
GHG emission reduction,270000,metric tons of CO2e,2023,Environmental,Cargill Impact Report - 2024.pdf - page 72
Smallholders partnered with,26400,smallholders,2023,Social,Cargill Impact Report - 2024.pdf - page 72
Hectares in own operations,51500,hectares,2023,Environmental,Cargill Impact Report - 2024.pdf - page 72
Farmers certified/verified,15600,farmers,2023,Social,Cargill Impact Report - 2024.pdf - page 72
Traceability to Plantation (TTP),77,%,2023,Environmental,Cargill Impact Report - 2024.pdf - page 72
Refinery volumes in 'Delivering' category,74,%,2023,Environmental,Cargill Impact Report - 2024.pdf - page 72
Farmers supported through services and partnerships,36800,farmers,2023,Social,Cargill Impact Report - 2024.pdf - page 72
Scope 1 and 2 GHG emissions reduction,10,%,2024,Environmental,Cargill Impact Report - 2024.pdf - page 73
Scope 3 GHG emissions reduction,30,%,2030,Environmental,Cargill Impact Report - 2024.pdf - page 73
Beneficiaries with access to safe drinking water,25000,beneficiaries,2024,Social,Cargill Impact Report - 2024.pdf - page 73
Farmers supported,60000,farmers,2024,Social,Cargill Impact Report - 2024.pdf - page 73
Direct and indirect suppliers with human rights commitments,100,%,2024,Social,Cargill Impact Report - 2024.pdf - page 73
Cargill-owned palm plantations with human rights commitments,100,%,2024,Social,Cargill Impact Report - 2024.pdf - page 73
Direct suppliers with HRDD processes activated,100,%,2024,Social,Cargill Impact Report - 2024.pdf - page 73
Indirect suppliers trained on HRDD,100,%,2024,Social,Cargill Impact Report - 2024.pdf - page 73
RSPO Certified Palm Oil,100,%,2024,Environmental,Cargill Impact Report - 2024.pdf - page 73
Scope 1 and 2 emissions reduction,10.97,%,2023,Environmental,Cargill Impact Report - 2024.pdf - page 74
Scope 1 and 2 emissions reduction,15.8,%,2023,Environmental,Cargill Impact Report - 2024.pdf - page 74
Scope 3 GHG emissions reduction,670000,metric tons,2023,Environmental,Cargill Impact Report - 2024.pdf - page 74
Traceability to Plantation (TTP),77,%,2023,Environmental,Cargill Impact Report - 2024.pdf - page 74
Palm refineries' volumes in “Delivering” category,74,%,2023,Environmental,Cargill Impact Report - 2024.pdf - page 74
Beneficiaries with access to safe drinking water,3184,beneficiaries,2023,Social,Cargill Impact Report - 2024.pdf - page 74
Farmers supported through services and partnerships,36817,,2023,Social,Cargill Impact Report - 2024.pdf - page 74
Number of farmers who received training,30850,,2023,Social,Cargill Impact Report - 2024.pdf - page 74
Farmers certified/verified under a sustainability program,15652,,2023,Social,Cargill Impact Report - 2024.pdf - page 74
Number of landscape programs,8,,2023,Social,Cargill Impact Report - 2024.pdf - page 74
Cargill-owned palm operations with implemented HRDD process,100,%,2023,Social,Cargill Impact Report - 2024.pdf - page 74
Direct suppliers with human rights commitments,82,%,2023,Social,Cargill Impact Report - 2024.pdf - page 74
Hectares of land protected,1400,hectares,2024,Environmental,Cargill Impact Report - 2024.pdf - page 75
Hectares of land planned to expand,9000,hectares,2024,Environmental,Cargill Impact Report - 2024.pdf - page 75
People reached directly,12800,people,2022,Social,Cargill Impact Report - 2024.pdf - page 75
Percentage of women reached directly,60,%,2022,Social,Cargill Impact Report - 2024.pdf - page 75
People reached indirectly,94000,people,2022,Social,Cargill Impact Report - 2024.pdf - page 75
Percentage of women reached indirectly,55,%,2022,Social,Cargill Impact Report - 2024.pdf - page 75
CO2e reduced,270000,metric tons,2024,Environmental,Cargill Impact Report - 2024.pdf - page 75
Investment in restoration efforts,3500000,USD,2024,Environmental,Cargill Impact Report - 2024.pdf - page 75
Traceability of palm oil to mill level,77,%,2023,Environmental,Cargill Impact Report - 2024.pdf - page 76
Traceability of palm oil to plantation level,93,%,2023,Environmental,Cargill Impact Report - 2024.pdf - page 76
Traceability of palm oil to mill level in China,93,%,2023,Environmental,Cargill Impact Report - 2024.pdf - page 76
Traceability of palm oil to plantation level in China,91,%,2023,Environmental,Cargill Impact Report - 2024.pdf - page 76
Traceability of palm oil to mill level in Europe,79,%,2023,Environmental,Cargill Impact Report - 2024.pdf - page 76
Traceability of palm oil to plantation level in Europe,69,%,2023,Environmental,Cargill Impact Report - 2024.pdf - page 76
Traceability of palm oil to mill level in India,56,%,2023,Environmental,Cargill Impact Report - 2024.pdf - page 76
Traceability of palm oil to mill level in Indonesia,89,%,2023,Environmental,Cargill Impact Report - 2024.pdf - page 76
Traceability of palm oil to plantation level in Indonesia,86,%,2023,Environmental,Cargill Impact Report - 2024.pdf - page 76
Traceability of palm oil to mill level in Malaysia,92,%,2023,Environmental,Cargill Impact Report - 2024.pdf - page 76
Traceability of palm oil to plantation level in Malaysia,67,%,2023,Environmental,Cargill Impact Report - 2024.pdf - page 76
Traceability of palm oil to mill level in Mexico,66,%,2023,Environmental,Cargill Impact Report - 2024.pdf - page 76
Traceability of palm oil to plantation level in Mexico,70,%,2023,Environmental,Cargill Impact Report - 2024.pdf - page 76
Traceability of palm oil to mill level in Pakistan,89,%,2023,Environmental,Cargill Impact Report - 2024.pdf - page 76
Traceability of palm oil to mill level in Russia,95,%,2023,Environmental,Cargill Impact Report - 2024.pdf - page 76
Traceability of palm oil to plantation level in Russia,69,%,2023,Environmental,Cargill Impact Report - 2024.pdf - page 76
Traceability of palm oil to mill level in Turkey,60,%,2023,Environmental,Cargill Impact Report - 2024.pdf - page 76
Traceability of palm oil to plantation level in Turkey,45,%,2023,Environmental,Cargill Impact Report - 2024.pdf - page 76
Traceability of palm oil to mill level in United States,95,%,2023,Environmental,Cargill Impact Report - 2024.pdf - page 76
Traceability of palm oil to plantation level in United States,74,%,2023,Environmental,Cargill Impact Report - 2024.pdf - page 76
Traceability of palm oil to mill level in Australia/New Zealand,100,%,2023,Environmental,Cargill Impact Report - 2024.pdf - page 76
Traceability of palm oil to mill level in Brazil,97,%,2023,Environmental,Cargill Impact Report - 2024.pdf - page 76
Traceability of palm oil to plantation level in Brazil,83,%,2023,Environmental,Cargill Impact Report - 2024.pdf - page 76
Traceability of palm oil to plantation level in India,N/A,%,2023,Environmental,Cargill Impact Report - 2024.pdf - page 76
Traceability of palm oil to plantation level in Pakistan,N/A,%,2023,Environmental,Cargill Impact Report - 2024.pdf - page 76
Traceability of palm oil to plantation level in Australia/New Zealand,N/A,%,2023,Environmental,Cargill Impact Report - 2024.pdf - page 76
Traceability of palm oil to mill level in Other markets,83,%,2023,Environmental,Cargill Impact Report - 2024.pdf - page 76
Traceability of palm oil to plantation level in Other markets,68,%,2023,Environmental,Cargill Impact Report - 2024.pdf - page 76
Traceable mills covered by satellite monitoring,99,%,2024,Environmental,Cargill Impact Report - 2024.pdf - page 77
grievances,72,count,2023,Social,Cargill Impact Report - 2024.pdf - page 78
soy-related grievances,45,count,2023,Social,Cargill Impact Report - 2024.pdf - page 78
grievances unrelated to supply chain,254,count,2023,Social,Cargill Impact Report - 2024.pdf - page 78
Deforestation-free soy supply chain,100,%,2025,Environmental,Cargill Impact Report - 2024.pdf - page 79
"Deforestation-free soy sourcing (Amazon, Cerrado, and Chaco biomes)",100,%,2025,Environmental,Cargill Impact Report - 2024.pdf - page 79
Greenhouse gas emissions sequestered,,,,Environmental,Cargill Impact Report - 2024.pdf - page 80
Water quality improvement,,,,Environmental,Cargill Impact Report - 2024.pdf - page 80
Soil health improvement,,,,Environmental,Cargill Impact Report - 2024.pdf - page 80
Access to green financing,,,,Social,Cargill Impact Report - 2024.pdf - page 80
Degraded land transitioned to agriculture,,,,Environmental,Cargill Impact Report - 2024.pdf - page 80
Hectares of regenerative agriculture programs,74000,hectares,2024,Environmental,Cargill Impact Report - 2024.pdf - page 81
Soil samples collected for low-carbon soy protocol testing,67,farms,2024,Environmental,Cargill Impact Report - 2024.pdf - page 81
Hectares in Regenera Cerrado program,1600,hectares,2024,Environmental,Cargill Impact Report - 2024.pdf - page 81
Financial commitment to Regenera Cerrado project,1000000,USD,2024,Environmental,Cargill Impact Report - 2024.pdf - page 81
hectares impacted,2500000,hectares,2024,Environmental,Cargill Impact Report - 2024.pdf - page 82
hectares being monitored,2200000,hectares,2024,Environmental,Cargill Impact Report - 2024.pdf - page 82
hectares of forests and native vegetation avoided,41000,hectares,2024,Environmental,Cargill Impact Report - 2024.pdf - page 82
Hectares of production,120000,hectares,2024,Environmental,Cargill Impact Report - 2024.pdf - page 83
Hectares of production,400,hectares,2024,Environmental,Cargill Impact Report - 2024.pdf - page 83
Hectares of production,154000,hectares,2024,Environmental,Cargill Impact Report - 2024.pdf - page 83
Startups supported,28,startups,2023,Social,Cargill Impact Report - 2024.pdf - page 83
Startups supported,22,startups,2023,Social,Cargill Impact Report - 2024.pdf - page 83
Farms participating,43,farms,2024,Social,Cargill Impact Report - 2024.pdf - page 83
Land monitored (3S program),4250000,hectares,2024,Environmental,Cargill Impact Report - 2024.pdf - page 84
Land signed up for Farmer First Clusters,200000,hectares,2024,Environmental,Cargill Impact Report - 2024.pdf - page 84
Scope 3 GHG emissions,reported,unit,2023,Environmental,Cargill Impact Report - 2024.pdf - page 86
Scope 1 GHG emissions,total,unit,2023,Environmental,Cargill Impact Report - 2024.pdf - page 86
Scope 2 GHG emissions,total,unit,2023,Environmental,Cargill Impact Report - 2024.pdf - page 86
Board's oversight of climate related risks and opportunities,N/A,N/A,2024,Governance,Cargill Impact Report - 2024.pdf - page 87
Management's role in assessing and managing climate related risks and opportunities,N/A,N/A,2024,Governance,Cargill Impact Report - 2024.pdf - page 87
"Impact of climate-related risks and opportunities on the organization’s businesses, strategy, and financial planning",N/A,N/A,2024,Environmental,Cargill Impact Report - 2024.pdf - page 87
"Resilience of the organization’s strategy, taking into consideration different climate-related scenarios, including a 2ºC or lower scenario",N/A,N/A,2024,Environmental,Cargill Impact Report - 2024.pdf - page 87
Metrics used to assess climate-related risks and opportunities,N/A,N/A,2024,Environmental,Cargill Impact Report - 2024.pdf - page 87
"Scope 1, Scope 2, and, if appropriate, Scope 3 GHG emissions, and the related risks",N/A,N/A,2024,Environmental,Cargill Impact Report - 2024.pdf - page 87
Targets used to manage climate-related risks and opportunities and performance against targets,N/A,N/A,2024,Environmental,Cargill Impact Report - 2024.pdf - page 87
Scope 1 emissions,6390000,Metric tons (t) CO -e,2024,Environmental,Cargill Impact Report - 2024.pdf - page 88
CO,6250000,Metric tons (t) CO -e,2024,Environmental,Cargill Impact Report - 2024.pdf - page 88
CH,24100,Metric tons (t) CO -e,2024,Environmental,Cargill Impact Report - 2024.pdf - page 88
N O,117800,Metric tons (t) CO -e,2024,Environmental,Cargill Impact Report - 2024.pdf - page 88
Operational energy consumed,181000000,Gigajoules (GJ),2024,Environmental,Cargill Impact Report - 2024.pdf - page 88
percentage grid electricity,18,%,2024,Environmental,Cargill Impact Report - 2024.pdf - page 88
percentage renewable,20,%,2024,Environmental,Cargill Impact Report - 2024.pdf - page 88
Total water withdrawn,322000,Thousand cubic meters (m3),2024,Environmental,Cargill Impact Report - 2024.pdf - page 88
"Total water consumed, percentage of each in regions with High or Extremely High Baseline Water Stress",65500,%,2024,Environmental,Cargill Impact Report - 2024.pdf - page 88
"Number of incidents of noncompliance associated with water quantity and/or quality permits, standards, and regulations",18,Number,2024,Environmental,Cargill Impact Report - 2024.pdf - page 88
Non-conformance rate,3.59,,2024,Environmental,Cargill Impact Report - 2024.pdf - page 89
Associated corrective action rate for major non-conformances,2.87,,2024,Environmental,Cargill Impact Report - 2024.pdf - page 89
Associated corrective action rate for minor non-conformances,1.98,,2024,Environmental,Cargill Impact Report - 2024.pdf - page 89
Percentage of agricultural products sourced from suppliers certified to a Global Food Safety Initiative (GFSI) recognized food safety certification program,,%,2024,Social,Cargill Impact Report - 2024.pdf - page 89
Number of recalls issued,3,Number,2024,Environmental,Cargill Impact Report - 2024.pdf - page 89
Total amount of food product recalled,9.13,MT,2024,Environmental,Cargill Impact Report - 2024.pdf - page 89
Total recordable incident rate (TRIR),1.35,Rate,2024,Social,Cargill Impact Report - 2024.pdf - page 89
Percentage of agricultural products sourced that are certified to a third-party environmental and/or social standard,28,%,2024,Environmental,Cargill Impact Report - 2024.pdf - page 89
Percentage of agricultural products sourced that are certified to a third-party environmental and/or social standard,8.5,%,2024,Environmental,Cargill Impact Report - 2024.pdf - page 89
Percentage of agricultural products sourced that are certified to a third-party environmental and/or social standard,50,%,2024,Environmental,Cargill Impact Report - 2024.pdf - page 89
Non-conformance rate,,Rate,2024,Social,Cargill Impact Report - 2024.pdf - page 89
Associated corrective action rate for major non-conformances,,,2024,Social,Cargill Impact Report - 2024.pdf - page 89
Associated corrective action rate for minor non-conformances,,,2024,Social,Cargill Impact Report - 2024.pdf - page 89
Percentage of agricultural products sourced from regions with High or Extremely High Baseline Water Stress,"Maize/Corn: 11-25%
Soy: 11-25%
Cocoa: <1%
Cattle products: 26-50%
Palm oil: 0%",%,2024,Environmental,Cargill Impact Report - 2024.pdf - page 90
Total FFB volume produced by estates managed or controlled by your company,"1,507,000",tons,2024,Environmental,Cargill Impact Report - 2024.pdf - page 90
Number of processing facilities,640,facilities,2024,Environmental,Cargill Impact Report - 2024.pdf - page 90
Total land controlled or managed for oil palm cultivation — planted and infrastructure,"83,114.24",hectares,2024,Environmental,Cargill Impact Report - 2024.pdf - page 90
Percentage of beef free from close confinement,77.7,%,2024,Social,Cargill Impact Report - 2024.pdf - page 91
Percentage of dairy cattle free from close confinement,78,%,2024,Social,Cargill Impact Report - 2024.pdf - page 91
Percentage of turkeys free from close confinement,100,%,2024,Social,Cargill Impact Report - 2024.pdf - page 91
Percentage of dairy cattle free from close confinement,100,%,2024,Social,Cargill Impact Report - 2024.pdf - page 91
Percentage of laying hens cage-free,65,%,2024,Social,Cargill Impact Report - 2024.pdf - page 91
Percentage of broilers cage-free,100,%,2024,Social,Cargill Impact Report - 2024.pdf - page 91
Percentage of turkeys free from close confinement,69.8,%,2024,Social,Cargill Impact Report - 2024.pdf - page 91
Percentage of laying hens cage-free,65,%,2024,Social,Cargill Impact Report - 2024.pdf - page 91
Percentage of broilers cage-free,38.8,%,2024,Social,Cargill Impact Report - 2024.pdf - page 91
Percentage of beef free from close confinement,100,%,2024,Social,Cargill Impact Report - 2024.pdf - page 91
Beef - Free from physical alterations,38.8,%,2024,Social,Cargill Impact Report - 2024.pdf - page 92
Beef - Transportation within eight hours or less,90,%,2024,Social,Cargill Impact Report - 2024.pdf - page 92
Dairy cattle - Free from physical alterations,87.7,%,2024,Social,Cargill Impact Report - 2024.pdf - page 92
Dairy cattle - Transportation within eight hours or less,90,%,2024,Social,Cargill Impact Report - 2024.pdf - page 92
Turkeys - Free from physical alterations,0,%,2024,Social,Cargill Impact Report - 2024.pdf - page 92
Turkeys - Transportation within eight hours or less,99,%,2024,Social,Cargill Impact Report - 2024.pdf - page 92
Laying hens - Free from physical alterations,95,%,2024,Social,Cargill Impact Report - 2024.pdf - page 92
Laying hens - Transportation within eight hours or less,10,%,2024,Social,Cargill Impact Report - 2024.pdf - page 92
Broilers - Free from physical alterations,100,%,2024,Social,Cargill Impact Report - 2024.pdf - page 92
Broilers - Transportation within eight hours or less,100,%,2024,Social,Cargill Impact Report - 2024.pdf - page 92
Percentage of Beef Cattle stunned prior to slaughter,100,%,2024,Social,Cargill Impact Report - 2024.pdf - page 93
Percentage of Dairy Cattle stunned prior to slaughter,100,%,2024,Social,Cargill Impact Report - 2024.pdf - page 93
Percentage of Turkeys stunned prior to slaughter,100,%,2024,Social,Cargill Impact Report - 2024.pdf - page 93
Percentage of Broilers stunned prior to slaughter,100,%,2024,Social,Cargill Impact Report - 2024.pdf - page 93
Dairy cattle with No falls,99.7,%,2024,Social,Cargill Impact Report - 2024.pdf - page 93
Broilers free from footpad dermatitis,83,%,2024,Social,Cargill Impact Report - 2024.pdf - page 93
Tankers of egg product certified,100,%,2024,Social,Cargill Impact Report - 2024.pdf - page 93
